Source Type,Source Name,Message,Sender,Date,Scraped At,Keywords Matched
personal,Sheger Press️️,"የኤሌክትሪክ አገልግሎት ክፍያ በ400% ሊጨምር ነው።

ከሦስት ዓመታታ በኃላ የኤሌክትሪክ አግልግሎት ታሪፍ በ400 ፐርሰንት እንደሚጨምር ሪፖርተር ጋዜጣ ዘግቧል::
ታላቁ የኢትዮጵያ ህዳሴ ግድምዐበቀጣዩ መስከረም ወር ሪቫን እንቆርጣለን ሲሉ ጠ/ሩ መናገራቸው ይታወሳል።

በዚ ጉዳይ እናንተስ ምን ትላላቹ ሀሳባቹን አጋሩ

@sheger_press
@sheger_press",-1001770199174,2025-06-25 11:05:52,2025-06-26 12:55:51,ኢትዮጵያ
personal,YeneTube,"**በቀጣይ የክረምት ወራት የከፋ ጉዳት ሊያስከትል የሚችል የዝናብ ሁኔታ በሀገሪቱ የምሥራቅ አካባቢዎች እንደሚጠበቅ ተገለጸ!**

በሀገሪቱ የምሥራቅ አካባቢዎች በተያዘው የክረምት ወቅት ቀጣይ ወራት የከፋ ጉዳት ሊያስከትል የሚችል የዝናብ ሁኔታ እንደሚጠበቅ የብሔራዊ ሜትሮሎጂ ኢንስቲቲዩት አስታወቀ።ቀደም ባሉ ዓመታት በድሬደዋ እና ሌሎች ለጎርፍ ተጋላጭ በሆኑ አካባቢዎች ቀውስ ያስከተሉ የጎርፍ አደጋዎች ዓይነት ሊከሰት እንደሚችል  ትንበያ መኖሩን ኢንስቲትዩቱ ጠቁሟል፤ አስፈላጊው የቅድም ጥንቃቄ ሥራ መሠራት እንዳለበት አሳስቧል።

“የዘንድሮው ክረምት ከፍተኛ የዝናብ ሁኔታ እና በጎርፍ አደጋ ሳቢያ ከፍተኛ ቀውስ የተመዘገበባቸውን እንደ ኢትዮጵያ አቆጣጠር 1998 እና 2010ዓ.ም  የነበሩትን ጊዜያት ይመስላል ተብሎ ይጠበቃል” ሲሉ በኢንስቲቲዩቱ የሶማሌ ክልል እና አጎራባች አካባቢዎች የሜትሮሎጂ ትንበያ እና ቅድመ ማስጠንቀቂያ ዴስክ መሪ አቶ አሸናፊ ሙሉነህ መናገራቸውን ከጀርመን ድምጽ ያገኘነው መረጃ ያሳያል።

“ድሬደዋ እና በድሬደዋ ዙርያ እንዲሁም በሰሜን ሶማሌ የጎርፍ ተጋላጭ በሆኑ የእግር ተዳፋት ፣እንዲሁም ከጭናክሰን እስከ ጅግጅጋ ባሉ የጎርፍ መፋሰሻ መስመሮች ላይ የክረምቱ የከባድ ዝናብ አዝማሚያ ጎርፍንን ያስከትላል” ማለታቸውን ዘገባው አስደምጧል።ቀውሶች የሚደገሙበት ሁኔታዎች ሊፈጠሩ ይችላሉ ተብሎ ትንበያ እና ቅድመ ማስጠንቀቂያዎች እየተላለፉ መሆኑን አብራርተዋል።

ለጎርፍ ተጋላጭ በሆኑ በድሬደዋ እንዲሁም ጅግጅጋ አካባቢዎች ቅድመ ማስጠንቀቂያው በተጠናከረ መልኩ ወረዳ ድረስ ተደራሽ በማድረግ ሥራዎችን መሥራት ይጠበቃል ሲሉ አቶ አሸናፊ አሳስበዋል።

@YeneTube @FikerAssefa",-1001105112305,2025-06-26 08:50:05,2025-06-26 12:56:28,ኢትዮጵያ
personal,YeneTube,"**የኢትዮጵያ የባንክ ዘርፍ ለውጭ ባለሀብቶች ክፍት ሆነ!**

የኢትዮጵያ ብሔራዊ ባንክ የሀገሪቱን የባንክ ዘርፍ ለውጭ ተሳትፎ ክፍት የሚያደርግ አዲስ መመሪያን ይፋ አድርጓል።ይህ እርምጃ የኢትዮጵያን የፋይናንስ ዘርፍ ለውጭ ኢንቨስትመንት ክፍት ለማድረግ ሲደረግ የቆየው ጥረት የመጨረሻው ምዕራፍ ተደርጎ እንደሚወሰዱ ተገልጿል።

መመሪያ ቁጥር SBB/94/2025 ባለፉት አንድ ዓመት በተለያዩ ባለድርሻ አካላት በተደረጉ ሰፊ ውይይቶች እና ምክክሮች ግብዓት ተደርጎበት የተዘጋጀ መሆኑ ታውቋል። ይህ መመሪያ ከቅርብ ጊዜ ወዲህ በፀደቀው የባንክ ሥራ አዋጅ መሰረት የወጣ ሲሆን፣ የሚያስፈልገውን የሕግ ማዕቀፍ ማሟላቱ ተገልጿል።

ይህ አዲሱ የፈቃድ አሰጣጥ መመሪያ ለመጀመሪያ ጊዜ የውጭ ባለሀብቶች፣ ባንኮችን እና ሌሎች ስትራቴጂካዊ ባለሀብቶችን ጨምሮ፣ በኢትዮጵያ የባንክ ሥርዓት ውስጥ እንዲሳተፉ ያስችላል ተብሏል።

ብሔራዊ ባንክ ሰኔ 18 ቀን 2017 ዓ.ም. ባወጣዉ መግለጫ መመሪያው የውጭ ተዋናዮች የባንክ ዘርፉን እንዲቀላቀሉባቸው በርካታ መንገዶችን ያቀርባል፤ ከእነዚህም መካከል ቅርንጫፍ ባንኮችን፣ የውጭ ባንክ ቅርንጫፎችን ወይም የወኪል ቢሮዎችን ማቋቋም ይገኙበታል። 

ይህን ተከትሎ የኢትዮጵያ ብሔራዊ ባንክ የሀገሪቱን የባንክ ዘርፍ ለውጭ ተሳትፎ ክፍት መሆኑን የገለፀ ሲሆን የውጭ ባንኮች እና ባለሀብቶችም ማመልከቻዎቻቸውን ከዛሬ ጀምሮ ለብሔራዊ ባንክ ማቅረብ እንደሚችሉ አስታውቋል።

@YeneTube @FikerAssefa",-1001105112305,2025-06-26 08:28:22,2025-06-26 12:56:28,ኢትዮጵያ
personal,YeneTube,"**Ethiopian Building Code Standards
Private Sector Engagement in Code Revision: Final Week – Week 4 Sessions**

We're closing out our 14-part expert-led workshop series with two crucial technical sessions in Week 4:

 **Concrete Design & Specifications
 Technical Specs & Measurement Methods**

 Tuesday, June 24, 2025
 The Urban Center, Addis Ababa
 Live on TUC Facebook page & Google Meet (link shared 30 min before each session)
 Free sessions with refreshments

 **Register now:** https://forms.gle/NewtRdbnasiUFW6r7

 Let’s finish strong, join the conversation, contribute your perspective, and help shape Ethiopia’s future building code.

Many thanks to all our incredible partners for making this journey possible!

#EBCS #CodeRevision #BuiltEnvironment #ECA #CoTBE #TUC #EngineeringEthiopia #ConstructionStandards #UrbanDevelopment #ProfessionalEngagement",-1001105112305,2025-06-26 08:26:11,2025-06-26 12:56:28,ethiopia
personal,YeneTube,"የኢትዮጵያ የባንክ አገልግሎት ከዛሬ ጀምሮ ለውጪ ባንኮች እና ኢንቨስተሮች በይፋ መከፈቱን ብሔራዊ ባንክ አስታወቀ  

ላለፉት ሶስት አስርት ዓመታት በኢትዮጵያውያን ባለሃብቶች ብቻ ሲካሄድ የቆየው የባንክ ስራ አገልግሎት፤ ከዛሬ ጀምሮ ለውጪ ባንኮች እና ኢንቨስተሮች በይፋ መከፈቱን የኢትዮጵያ ብሔራዊ ባንክ አስታወቀ። በዘርፉ መሰማራት የሚፈልጉ የውጪ ባንኮች እና ኢንቨስተሮች ከዛሬ ጀምሮ ማመልከቻዎቻቸውን ለብሔራዊ ባንክ ማስገባት እንደሚችሉም መስሪያ ቤቱ አስታውቋል። 

አቶ ማሞ ምህረቱ በገዢነት የሚመሩት ብሔራዊ ባንክ ይህን ያስታወቀው፤ የውጭ ባለሃብቶች የባንክ ስራ ፈቃድ ለማግኘት እና ለማሳደስ የሚያስችላቸውን መመሪያ ይፋ ባደረገበት መግለጫ ነው። አዲሱ መመሪያ የውጭ ኩባንያዎች በኢትዮጵያ የውክልና ጽህፈት ቤት ለመክፈት ማሟላት የሚያስፈልጋቸውን ቅድመ-ሁኔታዎችም ይዘረዝራል። 

መመሪያው ብሔራዊ ባንክ ባለፈው ዓመት ከተለያዩ ባለድርሻ አካላት ጋር ያደረገው “ሰፊ ምክክር” ውጤት እንደሆነ የመስሪያ ቤቱ መግለጫ አመልክቷል። የኢትዮጵያ መንግስት ለውጪ ባንኮች እና ለኢንቨስተሮች ተዘግቶ የቆየውን የባንክ ስራ ዘርፍ ለመክፈት ዝግጅት ሲያደርግ ከቆየ በኋላ ወደ ተግባር የገባው ከሶስት ዓመት በፊት ነበር።

ዝርዝሩን ለማንበብ  https://ethiopiainsider.com/2025/16188/",-1001105112305,2025-06-25 19:28:35,2025-06-26 12:56:28,"ethiopia, ኢትዮጵያ"
personal,YeneTube,"**በምያንማር ታጣቂዎች ተይዘው የነበሩ ኢትዮጵያውያን በሙሉ ወደ አገር ተመለሱ!**  

ከምያንማር የሳይበር ወንጀል ካምፖች አምልጠው በታጣቂዎች ከወደቁት 751 ኢትዮጵያውያን መካከል የሆኑት የመጨረሻዎቹ 49 ተጎጂዎች ትናንት ወደ አገር መግባታቸውን የወላጆች ኮሚቴ አስተባባሪ እና በታይላንድ የሚገኙ ምንጮች ተናገሩ።ከወንጀል ካምፖቹ መውጣት ያልቻሉ 42 ተጎጂዎች ግን አሁንም በአስቸጋሪ ሁኔታ ውስጥ ያሉ ሲሆን ""ከፎቅ ላይ ራሱን ወረወረ"" የተባለ አንድ ኢትዮጵያዊ ሕይወቱ እንዳለፈም ተገልጿል።

ወደ አገራቸው ተመልሰው የተጠናቀቁት ኢትዮጵያውያን ከየካቲት ወር አንስቶ ""ዴሞክራቲክ ካረን ቤነቮለንት አርሚ"" (DKBA) እና ""ቦርደር ጋርድ ፎርስ"" (BGF) በተባሉት የምያንማር አማጺያን እጅ ነበሩ።ኢትዮጵያውያኑ ከሌሎች አገራት ዜጎች ጋር በመሆን ታጣቂዎቹ እጅ የገቡት በግዳጅ ሠራተኝነት ተይዘው ከነበሩባቸው የሳይበር ወንጀል ካምፖች ካመለጡ በኋላ ነበር።

ኢትዮጵያውያኑ ወደ እነዚህ ካምፖች የገቡት ጥሩ ገንዘብ እንደሚያገኙ ተነግሯቸው ወደ ታይላንድ ከተወሰዱ በኋላ በምያንማር ለሚገኙ የወንጀል ቡድኖች በመሸጣቸው ነው።በካምፖቹ ውስጥ የማጭበርበር ወንጀል እንዲፈጽሙ ሲገደዱ የነበረ ሲሆን የተለያዩ የስቅይት ድርጊቶች ተፈጽመውባቸዋል።በታጣቂዎች እጅ የነበሩትን ተጎጂዎች ለማስወጣት በጃፓን ቶኪዮ እና በሕንድ ኒው ዴልሂ በሚገኙ ኤምባሲዎች እንዲሁም በአጎራባቿ አገር ታይላንድ የሚገኙ መንግሥታዊ ያልሆኑ ድርጅቶች በኅብረት ሲሰሩ ነበር።

Via BBC
@YeneTube @FikerAssefa",-1001105112305,2025-06-25 12:42:02,2025-06-26 12:56:28,ኢትዮጵያ
personal,YeneTube,"አለም አቀፉ የቀይ መስቀል በግጭት በተጎዱ የሀገሪቱ ክልሎች ከአስር ሺህ በላይ ለሚሆኑ አባወራዎች ምርጥ ዘር እና ማዳበሪያ ማከፋፈሉን ገለጸ!

አለም አቀፉ የቀይ መስቀል ማህበር በግጭት በተጎዱ የሀገሪቱ ሶስት ክልሎች ትግራይ፣ አማራ እና ኦሮምያ ለሚገኙ 10 ሺ 500 አርሷአደር ቤተሰቦች ምርጥ ዘር እና ማዳበሪያ ተደራሽ ማድረጉን አስታወቀ።በግብርና የሚተዳደሩ በክልሎቹ የሚገኙ አንዳንድ አከባቢዎች ያሉ አርሶአደሮች በጦርነት እና በግጭት ሳቢያ ከፍተኛ የሆነ የግብርና ምርት እጥረት መስተዋሉን የጠቆመው ማህበሩ የምግብ እጥረት መስተዋሉንም አመላክቷል።

በአንድ ወር ውስጥ ማለትም ከግንቦት 11 ቀን 2017 ዓ.ም እስከ ሰኔ 14 ቀን 2017 ድረስ በትግራይ፣ አማራ እና ኦሮምያ ክልል ለሚገኙ 10 ሺህ 500 አርሶአደር ቤተሰቦች 450 ሜትሪክ ቶን የአየር ንብረት ለውጥ መቋቋም የሚችሉ ምርጥ ዘር ማከፋፈሉን ጠቁሟል።ከአንድ ሺህ 550 ሜትሪክ ቶን በላይ ማዳበሪያም ማከፋፈሉን ገልጿል።በእነዚህ ሶስት ክልሎች ማህበሩ ካከፋፈለው ምርጥ ዘር እና ማዳበሪያ በተጨማሪ ቀጣይ የዝናብ ወራት ከመድረሱ በፊት 63 ሺህ ለሚሆኑ የክልሎቹ ነዋሪዎች የሰብአዊ ርዳታ እያደረሰ እንደሚገኝ አስታውቋል።

""በእነዚህ ክልሎች ራቅ ብለው በሚገኙ እና አስቸጋሪ በሆኑ አካባቢዎችያሉ አርሶ አደሮች ጥራት ያለው ዘር እና ማዳበሪያ ማግኘት ይቸገራሉ፤ በአከባቢዎቹ በሚስተዋለው ተደጋጋሚ ድርቅ ሳቢያ የአቅርቦት ሰንሰለቱ ተስተጓጉሏል፣ ሁኔታዎችም ተባብሷል። በተለይም ደግሞ በአማራ ክልል ሰሜን ወሎ ዞን በሚገኙ በአይና ቡግና እና ላስታ አከባቢዎች እንዲሁም በትግራይ ክልል የተለያዩ አካባቢዎች በጣም አሳሳቢ ነው"" ሲሉ የአለም አቀፉ ቀይመስቀል ማህበር የኢትዮጵያ ቢሮ ኃላፊ ሲሞን ካሳቢያንካ-ኤሽሊማን ገልጸዋል።ማህበሩ ባከፋፈለው ምርጥ ዘር እና ማዳበሪያ እርዳታ ስድስት ሺህ 500 ሄክታር የሚደርስ መሬት ይታረሳል ተብሎ እንደሚጠበቅ አመላክቷል፤ ከዚህም 17 ሺህ ሜትሪክ ቶን በቆሎ፣ ስንዴ፣ ገብስ እና ጤፍ ምርት ይሰበሰባል ተብሎ ይጠበቃል ብሏል።

@YeneTube @FikerAssefa",-1001105112305,2025-06-25 11:49:41,2025-06-26 12:56:28,ኢትዮጵያ
personal,YeneTube,"**የኢትዮጵያ ኢንቨስትመንት ሆልዲንግስ ከአሜሪካው ዓለም አቀፍ የፋይናንስ ትብብር ጋር በጋራ ለመሥራት ተፈራረመ!**

የኢትዮጵያ ኢንቨስትመንት ሆልዲንግስ ከአሜሪካው ዓለም አቀፍ የፋይናንስ ትብብር ኩባንያ ጋር በሆቴልና ቱሪዝም ዘርፍ በጋራ ለመሥራት የሚያስችለውን የመግባቢያ ሥምምነት ተፈራረመ።ሥምምነቱ ዓለም አቀፍ የፋይናንስ ትብብር ተቋም ጋር ከ200 ሚሊየን ዶላር በላይ በሆነ ካፒታል በኢትዮጵያ በሆቴልና ቱሪዝም ኢንዱስትሪ ለመሰማራት የሚያስችለው መሆኑ ተገልጿል።

የሥምምነት የተደረገው መርሃ-ግብሩ የኢፌዴሪ ፕሬዝዳንት ታዬ አፅቀ ሥላሴ በተገኙበት በአንጎላ ሉዋንዳ እየተካሄደ ካለው የአፍሪካ አሜሪካ የቢዝነስ ጉባኤ ጎን ለጎን ነው ።ሥምምነቱን የኢትዮጵያ ኢንቨስትመንት ሆልዲንግስ ዋና ሥራ አስፈጻሚ ብሩክ ታዬ (ዶ/ር) እና የአሜሪካው ዓለም አቀፍ የፋይናንስ ትብብር ኩባንያ ጋሬት ጊሽ ፈርመውታል።

ፕሬዝዳንት ታዬ አፅቀ ሥላሴ ሥምምነቱ ኢትዮጵያ የምትፈልገውና ከልማት ፕሮግራሟ ጋር አብሮ የሚሄድ ትልቅ የኢንቨስትመንት ሥምምነት መሆኑን አንስተዋል።የኢትዮጵያ ኢንቨስትመንት ሆልዲንግስ ዋና ሥራ አስፈጻሚ ብሩክ ታዬ (ዶ/ር) በበኩላቸው፤ የተደረሰው ሥምምነት በዘርፉ የተመዘገቡ አበረታች መውጤቶችን ለማስቀጠል እንደሚያስችል ጠቅሰው፤ ኩባንያው በኢትዮጵያ የሚያደርገው ተሳትፎ በአፍሪካም ጭምር ተጽዕኖ ሊኖረው እንደሚችል ተናግረዋል። 

የአሜሪካው ዓለም አቀፍ የፋይናንስ ትብብር ተቋም ፕሬዝዳንትና ሥራ አስፈጻሚ ጋሬት ጊሽ በበከላቸው ሥምምነቱ አሜሪካ አፍሪካን በተመለከተ ለማጠናከር ያሰበችውን የንግድና ኢንቨስትመንት ዲፕሎማሲ የተከተለ መሆኑን ተናግረዋል። 

(ኢዜአ)
@YeneTube @FikerAssefa",-1001105112305,2025-06-25 08:19:59,2025-06-26 12:56:28,ኢትዮጵያ
personal,Fana Media Corporation S.C (FMC),"በኮንስትራክሽን ዘርፍ ለሚሰማሩ የውጭ ባለሀብቶች አስፈላጊው ድጋፍ ይደረጋል

አዲስ አበባ፣ ሰኔ 19፣ 2017 (ኤፍ ኤም ሲ) በኮንስትራክሽን ዘርፍ ለሚሰማሩ የውጭ ባለሀብቶች አስፈላጊው ድጋፍ ይደረጋል አሉ የከተማና መሰረተ ልማት ሚኒስትር ወ/ሮ ጫልቱ ሳኒ። የምስራቅ አፍሪካ የውሃ እና መሠረተ ልማት ጉባኤ እንዲሁም የቢግ-5 ኮንስትራክት ኢትዮጵያ ዐውደ ርዕይ በሚሊኒየም አዳራሽ እየተካሄደ ነው፡፡ ሚኒስትሯ በዚሁ ወቅት፥ የኮንስትራክሽን ዘርፉ ከሌሎች ክፍለ ኢኮኖሚዎች ፊት እየቀደመ መሆኑን ጠቅሰው…

https://www.fanamc.com/archives/295596",-1001228636687,2025-06-26 08:31:54,2025-06-26 12:58:19,ኢትዮጵያ
personal,Fana Media Corporation S.C (FMC),"የሀሳብ ልዩነቶችን በምክክር የመፍታት ባህልን ለማዳበር የሃይማኖት ተቋማት ሚና ከፍተኛ ነው – ኮሚሽኑ

አዲስ አበባ፣ ሰኔ 19፣ 2017 (ኤፍ ኤም ሲ) የሀሳብ ልዩነቶችን በንግግርና በምክክር የመፍታት ባህልን ለማዳበር የሃይማኖት ተቋማት ሚና ከፍተኛ ነው አሉ የሀገራዊ ምክክር ኮሚሽን ከሚሽነር ሞሃሙድ ድሪር። በሀገራዊ ምክክር ኮሚሽን አዘጋጅነት “ለስኬታማ ሀገራዊ ምክክር የሃይማኖት ምሁራን ሚና” በሚል መሪ ሀሳብ የውይይት መድረክ ተካሂዷል። በመድረኩ ኮሚሽነር ሞሃመድ ድሪር እንደገለጹት፤ የኢትዮጵያ የሃይማኖት ተቋማት ሰብዓዊነትን፣ መከባበርን፣…

https://www.fanamc.com/archives/295592",-1001228636687,2025-06-26 08:25:12,2025-06-26 12:58:19,ኢትዮጵያ
personal,Fana Media Corporation S.C (FMC),የዕለቱ የውጭ ምንዛሪ በኢትዮጵያ ንግድ ባንክ,-1001228636687,2025-06-26 05:12:17,2025-06-26 12:58:19,ኢትዮጵያ
personal,Fana Media Corporation S.C (FMC),"“የውጭ ሀገር የሥራ ስምሪት አዋጅ የዜጎችን መብትና ጥቅም የሚያስከብር ነው” ወ/ሮ ሙፈሪሃት ካሚል

አዲስ አበባ፣ ሰኔ 18፣ 2017 (ኤፍ ኤም ሲ) የሥራና ክህሎት ሚኒስትር ሙፈሪሃት ካሚል የተሻሻለው የውጭ ሀገር የሥራ ስምሪት አዋጅ ለሥራ ወደ ውጭ የሚሰማሩ ዜጎችን መብትና ጥቅም በተሻለ መልኩ የሚያስከብር ነው አሉ፡፡ የሕዝብ ተወካዮች ምክር ቤት የሰው ኃብት ልማት፣ ሥራ ስምርትና ቴክኖሎጂ ጉዳዮች ቋሚ ኮሚቴ የኢትዮጵያ የውጭ ሀገር የሥራ ሥምሪት ረቂቅ አዋጅ ላይ ይፋዊ…

https://www.fanamc.com/archives/295578",-1001228636687,2025-06-25 19:08:12,2025-06-26 12:58:19,ኢትዮጵያ
personal,Fana Media Corporation S.C (FMC),"በጋምቤላ ክልል የኤሌክትሪክ ሃይል ተደራሽነትን ለማሻሻል እየተሰራ ነው

አዲስ አበባ፣ ሰኔ 18፣ 2017 (ኤፍ ኤም ሲ) በጋምቤላ ክልል ያለውን የኤሌክትሪክ ሃይል አቅርቦት ለማሻሻል እየተሰሩ የሚገኙ ሥራዎች ሊጠናከሩ ይገባል አሉ የክልሉ ርዕሰ መስተዳድር አለሚቱ ኡሞድ፡፡ ርዕሰ መስተዳድሯ ከውሃና ኢነርጂ ሚኒስቴር እና ከኢትዮጵያ ኤሌክትሪክ አገልግሎት የሥራ ሃላፊዎች ጋር ተወያይተዋል። በዚህ ወቅትም አሁን ያለውን የኤሌክትሪክ ሃይል አቅርቦት ለማሻሻል በተለይ ተደራሽነቱን ለማሳደግ በትኩረት መስራት ይገባል…

https://www.fanamc.com/archives/295575",-1001228636687,2025-06-25 17:43:57,2025-06-26 12:58:19,ኢትዮጵያ
personal,Fana Media Corporation S.C (FMC),"ኢትዮጵያ ከሕዝቦቿ ጋር እየመከረች ተግዳሮቶችን በመሻገር ስኬቶቿን ታስቀጥላለች -የመንግሥት ኮሙኒኬሽን አገልግሎት

ኢትዮጵያ ከሕዝቦቿ ጋር እየመከረች ተግዳሮቶችን በመሻገር ስኬቶቿን ታስቀጥላለች ! ጠቅላይ ሚኒስትር ዐቢይ አሕመድ (ዶ/ር) ባለፉት ሳምንታት ከመላዉ ኢትዮጵያ ከተውጣጡ ከንግዱ ማኅበረሰብ፣ የፖለቲካ ፓርቲ መሪዎች፣ ከመምህራን ተወካዮች፣ የጤና ባለሙያዎች፣ የኪነ-ጥበብ ባለሞያዎች እንዲሁም የመገናኛ ብዙሃን ተወካዮች ጋር ሁሉን አቀፍ እና ፍሬያማ ውይይት አድርገዋል። ውይይቶቹ በየዘርፉ ያሉ ፍላጎቶችንና ተግዳሮቶችን ለክቡር ጠቅላይ ሚንስትር ፊት ለፊት ለማቅረብ እድል…

https://www.fanamc.com/archives/295564",-1001228636687,2025-06-25 15:01:49,2025-06-26 12:58:19,ኢትዮጵያ
personal,Fana Media Corporation S.C (FMC),"ባህር ዳር ከተማ 3ኛ ደረጃን ይዞ የውድድር ዓመቱን አጠናቀቀ

አዲስ አበባ፣ ሰኔ 18፣ 2017 (ኤፍ ኤም ሲ) በ36ኛ የኢትዮጵያ ፕሪሚየር ሊግ ጨዋታ ባህር ዳር ከተማ ወልዋሎ ዓዲግራት ዩኒቨርሲቲን 3 ለ 0 አሸንፏል፡፡ የባህርዳር ከተማን የማሸነፊያ ግቦች ሙጂብ ቃሲም፣ በረከት ጥጋቡ እና ይሄነው የማታው አስቆጥረዋል፡፡ ባህር ዳር ከተማ 54 ነጥብ በመሰብሰብ 3ኛ ደረጃን በመያዝ የውድድር ዓመቱን አጠናቅቋል፡፡ አስቀድሞ ከሊጉ የወረደው ወልዋሎ ዓዲግራት ዩኒቨርሲቲ…

https://www.fanamc.com/archives/295561",-1001228636687,2025-06-25 14:03:40,2025-06-26 12:58:19,ኢትዮጵያ
personal,EBC (Ethiopian Broadcasting Corporation),"ኢትዮጵያን ጨምሮ 50 ሀገራት ፈርመው ያፀደቁት የተመድ ቻርተር ዛሬ 80 ዓመት ሞልቶታል
***************

ከሰማንያ ዓመታት በፊት በዛሬዋ ዕለት ሰኔ 19 ቀን 1937 ዓ.ም ኢትዮጵያን ጨምሮ 50 ሀገራት የተባበሩት መንግስታት ድርጅት ቻርተርን በአሜሪካ ሳን ፍራንሲስኮ ፈረሙ፡፡

 በዚህም ሃገራት ለአዲስ ዓለም አቀፍ ትብብር መሰረት ጥለዋል።

ከቅኝ ግዛት ነፃ የነበረችው ኢትዮጵያም የተባበሩት መንግሥታት ድርጅት መስራች ነበረች፡፡

በወቅቱ የኢትዮጵያ ጠቅላይ ሚኒስትር በራስ ቢትወደድ መኮንን እንዳልካቸው የተመራው የልዑካን ቡድን ሰኔ 19 ቀን 1937 ዓ.ም  ሳንፍራንሲስኮ ከተማ የድርጅቱን የቃል ኪዳን ሰነድ (ቻርተር) ፈረመ፡፡

የተባበሩት መንግስታት ድርጅት የተወለደው በመቶ ሚሊዮኖች የሚቆጠሩ  ሰዎችን ሕይወት ከቀጠፉት እና ከተሞችን ካወደሙት ሁለት የዕለም ጦርነቶች በኋላ ነበር፡፡

የተባበሩት መንግስታት ድርጅት ቻርተር ሲፀድቅም ሰላምን፣ ደህንነትን፣ ሰብዓዊ መብቶችን እና ለሁሉም የተሻለ ሕይወት መፍጠርን ዓላማው ያደረገ ነበር፡፡

ድርጅቱ ምንም እንኳን በስልጣኑ ውስን እና ጊዜ ያለፈበት መዋቅር ነው እየተባለ ቢተችም የዓለም አቀፍ ዲፕሎማሲ ማዕከል ሆኖ ቀጥሏል፡፡

የተመድ ዋና ፀሐፊ  አንቶኒዮ ጉተሬዝ ስለ ቻርተሩ ባሰፈሩት መልዕክት ቻርተሩ ከተቋሙ መመስረቻ ስምምነት በላይ መሆኑን ጠቅሰው፤ ለዓለም ሰላም ፣ለሰዎቸ ክብር እና በሀገራት መካከል በጋራ ጉዳዮች ትብብርን ለመመስረት የቃል ኪዳን ሰነድ መሆኑን ጠቁመዋል፡፡ 

ቻርተሩ 80 ዓመታት የሞለው ቢሆንም በቃል ኪዳኑ ውስጥ ያሉ ሀሳቦች በሚገባው ልክ ተግበራዊ አለመሆናቸውን አንስተዋል፡፡

በላሉ ኢታላ

#EBC #ebcdotstream #UnitedNations",-1001223181530,2025-06-26 08:45:34,2025-06-26 12:58:55,ኢትዮጵያ
personal,EBC (Ethiopian Broadcasting Corporation),"ነቀምቴ የኢትዮጵያ አይዶል እንግዶችን ተቀብላለች    
************** 

በአራቱም አቅጣጫዎች የጥበብ ፍለጋ ጉዞ ላይ የሚገኘው የኢትዮጵያ አይዶል ነቀምቴ ገብቷል። 

በቀጣዮቹ ቀናት የጥበብ ተሰጥኦ ያላቸው ወጣቶች የሚቀርቡበት ውድድር ይካሄዳል። 

#EBC #ebcdotstream #Ethiopian_Idol #ጉዞ_ጥበብን_ፍለጋ #Idol #talent",-1001223181530,2025-06-26 08:02:25,2025-06-26 12:58:55,"ethiopia, ኢትዮጵያ"
personal,EBC (Ethiopian Broadcasting Corporation),"የዓመቱ ኮከብ ተጫዋችና ምስጉን ዳኞች ዛሬ ይፋ ይደረጋሉ
********

የ2017 ዓ.ም የኢትዮጵያ ፕሪሚየር ሊግ ዛሬ በሚደረግ አንድ ጨዋታ ፍጻሜውን ያገኛል፡፡ 

10 ሰዓት ላይ በአዳማ ሳይንስና ቴክኖሎጂ ዩኒቨርስቲ ስቴዲየም የሊጉ ሻምፒዮን ኢትዮጵያ መድን ቀድሞ መውረዱን ካረጋገጠው ስሑል ሽረ ይጫወታሉ፡፡ 

የሊጉ አክሲዮን ማህበርም በመርሀ ግብሩ ላይ የኢትዮጵያ ፕሪሚየር ሊግ የአመቱ ኮከብ ተጫዋች ይፋ እንደሚደርግ አሳውቋል፡፡

በተመሳሳይ የዓመቱ ኮከብ አሰልጣኝ ፣ የዓመቱ ኮከብ ግብ ጠባቂ ፣ የዓመቱ ተስፈኛ ተጫዋች እና ኮከብ ግብ አስቆጣሪ እንዲሁም የአመቱ ምስጉን ዳኞች ይፋ የሚደረጉ ይሆናል፡፡

በሁሉም ዘርፍ እጩዎቹ ቀደም ብለው ይፋ መደረጋቸው ይታወቃል፡፡

በአንተነህ ሲሳይ 

#EBC #ebcdotstream #EPL",-1001223181530,2025-06-26 06:36:58,2025-06-26 12:58:55,ኢትዮጵያ
personal,EBC (Ethiopian Broadcasting Corporation),"የኢትዮጵያ ፌደራል ፖሊስ በአፍሪካ ደረጃ ""በምርጥ የሥራ አመራር የተመራ ተቋም"" ተብሎ ተሸለመ
***********************************

የኢትዮጵያ ፌደራል ፖሊስ በአፍሪካ ደረጃ ""በምርጥ የሥራ አመራር የተመራ ተቋም"" ሽልማትን አገኝቷል።

ተቋሙ ሽልማቱ የተበረከተለት ከሰሞኑ  የሲቪል  ሰርቪስ ቀን በአፍሪካ ኅብረት በተከበረበት ወቅት ነው።
  
በተለያዩ  ዘርፎች በተካሄደው ውድድር ላይ  የመንግሥትን አገልግሎት ይዘው ከቀረቡ ተቋማት መካከል፤ ዘመኑን የዋጀ ቴክኖሎጂ በመጠቀም  ለሕብረተሰቡ እየሰጠ  በሚገኘው ቀልጣፋ  አገልግሎት ተቋሙ  ሽልማት ተበርክቶለታል ሲሉ ከኢቲቪ ጋር ቆይታ ያደረጉት የፊደራል ፖሊስ  የቴክኖሎጂ ማስፋፊያ መምሪያ ኃላፊ ኮማንደር ደምስ ይልማ ተናግረዋል። 

ተቋሙ ""የዜጎች ተሳትፎ መተግበሪያ"" (EFPApp)ን ጨምሮ  የተለያዩ ተክኖሎጂዎችን በመጠቀም፤ ወንጀልን ለመከላከልና ፍትሕን ለማረጋገጥ እየሠራ ለሚገኘው ሥራ  በአፍሪካ አንደኛ ደረጃ በመያዝ የወርቅ ተሸላሚ አድርጎታል በማለት ኃላፊው አብራርተዋል። 

ዜጎች (EFP APP) የሚለውን መተግበሪያ ስልካቸው ላይ በማውረድና በመጠቀም፤ ካሉበት ቦታ ሆነው የሚከሰቱ  ወንጀሎችን መረጃ መላክ የሚያስችላቸው እንደሆነም ኃላፊው ጠቁመዋል።

በአፍሪካ ሕብረት ሲካሄድ የነበረው 10ኛው የአፍሪካ ኅብረት አባል ሀገራት የመንግሥት አገልግሎትና አስተዳደር የአፍሪካ ቀጣናዊ ፎረም  መጠናቀቁ ይታወቃል።

የኢትዮጵያ ፌደራል ፖሊስ   ከዚህ በፊት  በዱባይ በተካሄደው ዓለም አቀፍ የፖሊስ ጉባዔ ላይ  ሽልማት ማግኘቱ አይዘነጋም።

በመሐሪ ዓለሙ

[**#EBC**](https://web.facebook.com/hashtag/ebc?__eep__=6&__cft__[0]=AZXmO1o5ygK-jfbvtPisx1diA6bC7JIvpmI9lQV1rnpqmhlSUzvRpEt3y2coN9OKFO4nLGbvbpp5pZdT4P11Y7gQjJ3HZ97uZeZUsKkoICoLvH4o3GGAhTfDPiJjkB1rWLfYjJ-LRsEDfbRqNA1KR8up6K-kVCyyyv2mOR0KaeMrpAPAfNopd5YI91hDjZeWoK4AYK1N0sNUqzp68sMRkcdT&__tn__=*NK-R) [**#ebcdotstream**](https://web.facebook.com/hashtag/ebcdotstream?__eep__=6&__cft__[0]=AZXmO1o5ygK-jfbvtPisx1diA6bC7JIvpmI9lQV1rnpqmhlSUzvRpEt3y2coN9OKFO4nLGbvbpp5pZdT4P11Y7gQjJ3HZ97uZeZUsKkoICoLvH4o3GGAhTfDPiJjkB1rWLfYjJ-LRsEDfbRqNA1KR8up6K-kVCyyyv2mOR0KaeMrpAPAfNopd5YI91hDjZeWoK4AYK1N0sNUqzp68sMRkcdT&__tn__=*NK-R) [**#federalpolice**](https://web.facebook.com/hashtag/federalpolice?__eep__=6&__cft__[0]=AZXmO1o5ygK-jfbvtPisx1diA6bC7JIvpmI9lQV1rnpqmhlSUzvRpEt3y2coN9OKFO4nLGbvbpp5pZdT4P11Y7gQjJ3HZ97uZeZUsKkoICoLvH4o3GGAhTfDPiJjkB1rWLfYjJ-LRsEDfbRqNA1KR8up6K-kVCyyyv2mOR0KaeMrpAPAfNopd5YI91hDjZeWoK4AYK1N0sNUqzp68sMRkcdT&__tn__=*NK-R) [**#EFPApp**](https://web.facebook.com/hashtag/efpapp?__eep__=6&__cft__[0]=AZXmO1o5ygK-jfbvtPisx1diA6bC7JIvpmI9lQV1rnpqmhlSUzvRpEt3y2coN9OKFO4nLGbvbpp5pZdT4P11Y7gQjJ3HZ97uZeZUsKkoICoLvH4o3GGAhTfDPiJjkB1rWLfYjJ-LRsEDfbRqNA1KR8up6K-kVCyyyv2mOR0KaeMrpAPAfNopd5YI91hDjZeWoK4AYK1N0sNUqzp68sMRkcdT&__tn__=*NK-R) [**#awards**](https://web.facebook.com/hashtag/awards?__eep__=6&__cft__[0]=AZXmO1o5ygK-jfbvtPisx1diA6bC7JIvpmI9lQV1rnpqmhlSUzvRpEt3y2coN9OKFO4nLGbvbpp5pZdT4P11Y7gQjJ3HZ97uZeZUsKkoICoLvH4o3GGAhTfDPiJjkB1rWLfYjJ-LRsEDfbRqNA1KR8up6K-kVCyyyv2mOR0KaeMrpAPAfNopd5YI91hDjZeWoK4AYK1N0sNUqzp68sMRkcdT&__tn__=*NK-R)",-1001223181530,2025-06-26 05:42:30,2025-06-26 12:58:55,ኢትዮጵያ
personal,Ayu Zehabesha-Official አዩ ዘሀበሻ,"የውጪ ባንኮች
የኢትዮጵያ የባንክ ዘርፍ ለውጭ ባለሀብቶች በይፋ ክፍት ሆነ
የኢትዮጵያ ብሔራዊ ባንክ የሀገሪቱን የባንክ ዘርፍ ለውጭ ተሳትፎ ክፍት የሚያደርግ አዲስ መመሪያን ትናንት ይፋ አድርጓል። ይህ እርምጃ የኢትዮጵያን የፋይናንስ ዘርፍ ለውጭ ኢንቨስትመንት ክፍት ለማድረግ ሲደረግ የቆየው ጥረት የመጨረሻው ምዕራፍ ተደርጎ እንደሚወሰዱ ተገልጿል።

መመሪያ ቁጥር SBB/94/2025 ባለፉት አንድ ዓመት በተለያዩ ባለድርሻ አካላት በተደረጉ ሰፊ ውይይቶች እና ምክክሮች ግብዓት ተደርጎበት የተዘጋጀ መሆኑ ታውቋል። 

ይህ መመሪያ ከቅርብ ጊዜ ወዲህ በፀደቀው የባንክ ሥራ አዋጅ መሰረት የወጣ ሲሆን፣ የሚያስፈልገውን የሕግ ማዕቀፍ ማሟላቱ ተገልጿል።

ይህ አዲሱ የፈቃድ አሰጣጥ መመሪያ ለመጀመሪያ ጊዜ የውጭ ባለሀብቶች፣ ባንኮችን እና ሌሎች ስትራቴጂካዊ ባለሀብቶችን ጨምሮ፣ በኢትዮጵያ የባንክ ሥርዓት ውስጥ እንዲሳተፉ ያስችላል ተብሏል።

ብሔራዊ ባንክ ትናንት ሰኔ 18 ቀን 2017 ዓ.ም. ባወጣዉ መግለጫ መመሪያው የውጭ ተዋናዮች የባንክ ዘርፉን እንዲቀላቀሉባቸው በርካታ መንገዶችን ያቀርባል፤ ከእነዚህም መካከል ቅርንጫፍ ባንኮችን፣ የውጭ ባንክ ቅርንጫፎችን ወይም የወኪል ቢሮዎችን ማቋቋም ይገኙበታል። 

ይህን ተከትሎ የኢትዮጵያ ብሔራዊ ባንክ የሀገሪቱን የባንክ ዘርፍ ለውጭ ተሳትፎ ክፍት መሆኑን የገለፀ ሲሆን የውጭ ባንኮች እና ባለሀብቶችም ማመልከቻዎቻቸውን ከሰኔ 18 ,2017 ጀምሮ ለብሔራዊ ባንክ ማቅረብ እንደሚችሉ አስታውቋል።
ካፒታል
=====================

የቴሌግራም ቻናላችንን join በማድረግ ወቅታዊ መረጃዎችን በቀላሉ ይከታተሉ፣ሊንክ
https://t.me/+Vl6V8k9V3YNEOp2s
https://t.me/+Vl6V8k9V3YNEOp2s",-1001449039346,2025-06-26 07:13:39,2025-06-26 12:59:32,ኢትዮጵያ
personal,Ayu Zehabesha-Official አዩ ዘሀበሻ,"ለቤት ፈላጊወች በሙሉ ከቴምር ሪል እስቴት ታላቅ የምስራች
**ፒያሳ ሊሴ ገ/ማርያም** **ት/ቤት**
**ከ6.9 __ሚሊዮን ብር ጀምሮ__**
**በ10% ቅድመ ክፍያ አፓርታማ ይግዙ**
**ፒያሳ ሊሴ ገ/ማርያም** ት/ ቤት ፊት ለፊት ከባለ አንድ 63ካሬ እስከ ባለ ሦስት 146 ካሬ ድረስ በፈለጉት የካሬ አማራጭ
 ሳር ቤት አፍሪካ ህብረት ፊት ለፊት ከባለ1 75ካሬ እስከ ባለ3 146 ካሬ ድረስ በፈለጉት የካሬ አማራጭ
 30% እና ከዛ በላይ ለሚከፍሉ 25% ቅናሽ
 የንግድ ሱቅም ከፈለጉ ፒያሳ አድዋ ዜሮ ዜሮ ፊት ለፊት G+5 የንግድ ሱቆች እየገነባን ነዉ
  ከ900ሽ ቅድሚያ ክፍያ ጀምሮ ያገኛሉ
 ለተወሰኑ ሱቆች ብቻ ከ15 %-25% ቅናሽ እናደርጋለን
 ከሀገር ዉጭ ለምትኖሩ ደንበኞቻችን ባሉበት ሁነዉ መጨረስ የሚችሉበትን የ/DHL/ አማራጭ አመቻችተናል

**ልዬ የሚያደርገን**

25% ቅናሽ
በኢትዮጵያ ብር  ብቻ ያለምንም ጭማሪ የሚከፍሉበት
ምቹ ና ቀላል የአከፋፈል ስርአት 
በቂ የሆነ የመኪና ማቆሚያ
ለኢንቨስትመንት ፍለጎቶዎ በአጭር ጊዜ ትርፋማ የሚየደርጉ 
ዘመናዊ አሳንሰር የተገጠመላቸዉ
ለመብራት መቆራረጥ አስተማማኝ ጀነሬተር

 ለበለጠ መረጃ 
በ 0900762576 
0925171767  ይደዉሉ",-1001449039346,2025-06-26 06:39:43,2025-06-26 12:59:32,ኢትዮጵያ
personal,Ayu Zehabesha-Official አዩ ዘሀበሻ,"ነዳጅ የደበቁት
**ነዳጅ ደብቀዉ የተገኙ ሁለት  ማደያዎች  የንግድ ፈቃዳቸዉ ተሰርዞ ከገበያ እንዲወጡ ተደረገ** 

በማዕከላዊ ኢትዮጵያ ክልል ሀድያ ዞን ሾኔ ከተማ እና በከምባታ ዞን ዱራሜ ከተማ 234 ሺህ 572 ሊትር ነዳጅ  ደብቀዉ የተገኙ ሁለት ማደያዎች  ንግድ ፈቃዳቸዉ ተሰርዞ ከገበያ እንዲወጡ  መደረጉን የክልሉ ንግድና ገበያ ልማት ቢሮ አስታውቋል፡

በሾኔ ከተማ የሚገኝ እና ግሎባል በሚል ስያሜ የሚጠራ ነዳጅ  ማደያ 94 ሺህ 572  ሊትር ነዳጅ ደብቆ የተገኘ ሲሆን በዱራሜ ከተማ የሚገኘው ኖክ ማደያ ደግሞ 140ሺህ ሊትር ነዳጅ ደብቆ መገኘቱን የገለፀዉ የክልሉ ንግድና ገበያ ልማት ቢሮ የሁለቱም ማድያዎች  የንግድ ፈቃድ ተሰርዞ  ከገበያ እንዲወጡ ማድረጉን አስታዉቋል።
=====================

የቴሌግራም ቻናላችንን join በማድረግ ወቅታዊ መረጃዎችን በቀላሉ ይከታተሉ፣ሊንክ
https://t.me/+Vl6V8k9V3YNEOp2s
https://t.me/+Vl6V8k9V3YNEOp2s",-1001449039346,2025-06-25 13:19:08,2025-06-26 12:59:32,ኢትዮጵያ
personal,TIKVAH-ETHIOPIA,"**"" የውጭ ባንኮች እና ኢንቨስተሮች ማመልከቻቸውን ለብሔራዊ ባንክ ማቅረብ ይችላሉ "" - ብሔራዊ ባንክ**

ኢትዮጵያ የባንክ ዘርፉን ለውጪ ባንኮች ክፍት ማድረጓን በይፋ አስታወቀች።

የኢትዮጵያ ብሔራዊ ባንክ ባወጣው መግለጫ የኢትዮጵያን የፋይናንስ ዘርፉን ለውጭ ባንኮች ለመክፈት የሚያስችለውን መመሪያ አጽድቋል።

ባንኩ፥ መመሪያ ቁጥር SBB/94/2025 ወይም ""የባንክ ሥራ ፈቃድ፤ የእድሳት መስፈርቶች እና የውክልና ቢሮ መመሪያ "" መጽደቁን ነው ያስታወቀው።

በዚህ መመሪያ መሰረትም ለመጀመሪያ ጊዜ የውጭ ባንኮችን ጨምሮ ሌሎች ስትራቴጂክ ባለሀብቶች በኢትዮጵያ የባንክ ሥርዓት ውስጥ እንዲሳተፉ ይፈቅዳል።

ብሔራዊ ባንክ ትላንት ባወጣው መግለጫ ፥ "" የኢትዮጵያ የባንክ መስክ ለውጭ ኢንቨስተሮች ተከፍቷል፤ የውጭ ባንኮች እና ኢንቨስተሮች ማመልከቻቸውን ለብሔራዊ ባንክ ማቅረብ ይችላሉ "" ሲል አስታውቋል።

ቲክቫህ ኢትዮጵያ
አዲስ አበባ
#TikvahEthiopiaFamilyAA

@tikvahethiopia",-1001130580549,2025-06-26 06:07:45,2025-06-26 13:00:08,"ethiopia, ኢትዮጵያ"
personal,TIKVAH-ETHIOPIA,"**"" የጓደኞቼ ፉገራ ለተሻለ ስራ አነሳስቶኛል፤ አሁን ላይ በአንድ ማስታወቂያ በሺዎች የሚቆጠር ገንዘብ ይከፈለኛል "" - ወጣት ዳግማዊ **

ከቅርብ ጊዜያት ወዲህ በሀዋሳ ከተማ በብስክሌት በላይ የሚደረግ ማስታወቂዎችን ማየት የተለመደ ሆኗል።

ወጣት ዳግም ታምራት ከአምስት ወራት በፊት ከቦታ ቦታ ለመንቀሳቀስ ይጠቀምባት በነበረው አንዲት ብስክሌት ላይ የተወሰኑ የፈጠራ ስራዎችን ጨምሮ የተንቀሳቃሽ የማስታወቂያ ስራ የጀመረ ሲሆን በአሁኑ ወቅት በቋሚነትና በጊዜያዊነት ለ7 ስራ አጥ ወጣቶች የስራ ዕድል መፍጠር ችሏል።

ቲክቫህ ኢትዮጵያ ወጣት ዳግም ታምራትን በስራዉ ዙሪያ አነጋግሮታል።

""  ስራዉን የጀመርኩት ለራሴ መንቀሳቀሻ እጠቀምበት በነበረዉ ብስክሌት ላይ ተቀጣይ ባለ ሁለት ጎማ ላሜራ በመስራት የራሴን ማስታወቂያ ሰዎች እንዲያነቡት በማድረግ ነበር ፤ ቀስ በቀስም የሰዎችን ትኩረት ማግኘት ሲጀምር ሌሎች ድርጅቶችንና አገልግሎት ሰጪ ተቋማት ማስታወቂያ ለማሰራት ጥሪ ማቅረብ ጀመሩ "" ሲል ገልጿል።

"" በአሁኑ ወቅት የብስክሌቶችን ቁጥር ከፍ በማድረግ ለ3 ቋሚና 4 ተጠባባቂ ስራ አጥ ወጣቶች የስራ ዕድል ፈጥሪያሁ "" ያለን ወጣት ዳግም "" በቀጣይም በዘርፉ የተለያዩ የማስታወቂያ ስራዎች ላይ ለመሰማራትና በLED ላይት የታገዘ ተንቀሳቃሽ የማስታወቂያ ስራ ለመጀመር ዕቅድ እንዳለዉ "" ተናግሯል።

"" በሞተር ሳይክል የሚንቀሳቀሱ ጓደኝቼ  ' አንተ ምን አለብህ የነዳጅ ወጪ ሰልፍና ዋጋ አያስጨንቅህ፤ ለነገሩ ለጤናህም ስፖርት ነዉ ' እያሉ የሚቀልዱብኝ ቀልድና ፉገራ እንደዉም ለምን ይህን ብስክለት የገቢ ማመንጫ አላደርገዉም የሚል ቁጭት አሳድሮብኝ ብስክሌቴን ወደ ተሻለ ስራ አስገብቻለሁ  አሁን ላይ በአንድ ማስታወቂያ በሺዎች የሚቆጠር ገንዘብ ይከፈለኛል "" ሲል ተናግሯል።

ቲክቫህ ኢትዮጵያ
ሀዋሳ
#TikvahEthiopiaFamilyHawassa

@tikvahethiopia",-1001130580549,2025-06-26 06:07:38,2025-06-26 13:00:08,"ethiopia, ኢትዮጵያ"
personal,TIKVAH-ETHIOPIA,"#Alert

በትግራይ ክልል ላጋጠመ የደን ቃጠሎ የፌደራል መንግስት እገዛ ተጠየቀ። በሄሊኮፕተር የተደገፈ የውሃ ርጭት እገዛ እንዲደረግ ነው የተጠየቀው።

የትግራይ ክልል የአደጋ ስጋት አመራር ኮሚሽን ዛሬ ሰኔ 18/2017 ዓ.ም ለፌደራል የአደጋ ስጋትና አመራር ኮሚሽን በደብዳቤ እንዳስታወቀው ፤ በትግራይ ምስራቃዊ ዞን አፅቢ ወረዳ ቃልአሚን ቀበሌ  ሓይለ-ቡሐለ ልዩ ቦታ በሚገኘው የዱስኣ ጥብቅ ደን የእሳት ቃጠሎ አጋጥሟል።

"" በዓፋር ክልል ልዩ ቦታ ገረብ ዋሕለ የጀመረው ቃጠሎ በሃይለኛ ንፋስ እየተስፋፋ ከፍተኛ ጉዳት በማድረስ ላይ ይገኛል "" ብሏል።

"" የአከባቢው ማህበረሰብ ቃጠሎው በባህላዊ መንገድ ለማጥፋት ከፍተኛ ርብርብ በማድረግ ላይ ይገኛል "" ያለው ኮሚሽኑ "" ባለው ደረቅ የአየር ሁኔታና ሃይለኛ ንፋስ እየተባባሰ የከፋ ጉዳት በማድረስ ላይ ነው "" ሲል ገልጿል።

የተከሰተው የእሳት ቃጠሎ ከአከባቢው ማህበረሰብ አቅም በላይ በመሆኑ የክልሉ ጊዚያዊ አስተዳደርና የፌደራል መንግስት እገዛ ተጠይቋል።

የእሳት ቃጠሎው በቁጥጥር ስር ለማዋል የፌደራል መንግስት በሄሊኮፕተር የተደገፈ የውሃ ርጭት እገዛ በአስቸኳይ እንዲያደርግ ኮሚሽኑ ጠይቀዋል።

ቲክቫህ ኢትዮጵያ
መቐለ
#TikvahEthiopiaFamilyMekelle

@tikvahethiopia            ",-1001130580549,2025-06-25 17:24:28,2025-06-26 13:00:08,"ethiopia, ኢትዮጵያ"
personal,TIKVAH-ETHIOPIA,"#የአሽከርካሪዎችድምጽ__
__
**__"" ወደ 21 የሚሆኑ ሹፈሮች በታጣቂዎች ተገድለዋል "" - የአሽከርካሪዎችን ጉዳይ የሚከታተል አካል
__**
 __**"" የተገደሉ ሹፌሮች እንዳሉ ሰምቻለሁ፤ በጣም ከፍተኛ ችግር ነው ያጋጠመን በአጠቃላይ በጎንደር መስመር "" - የኢትዮጵያ ከባድ መኪና አሽከርካሪዎች ማኀበር
**
አማራ ክልል ከጎንደር መተማ በሚገኘው  መንገድ ሹፌሮች በታጣቂዎች መገደላቸውን የኢትዮጵያ ከባድ መኪና አሽከርካሪዎች ማኀበርና የአሽከርካሪዎችን ጉዳይ በቅርበት የሚከታተል አንድ አካል ለቲክቫህ ኢትዮጵያ ገልጸዋል።

የአሽከርካሪዎችን ጉዳይ የሚከታተለው አካል ለቲክቫህ ኢትዮጵያ በሰጠው ቃል፣ ከጎንደር መተማ ባለው መንገድ ሰኔ 16 ቀን 2017 ዓ/ም "" ወደ 21 ሹፌሮች በታጣቂዎች ተገድለዋል "" ብሏል።

የሟቾች ቁጥር ከዚህ ሊያሻቅብ እንደሚችል፣ ለጊዜው የደረሰው መረጃ ይህ እንደሆነ፣ የተገደሉት ከጂቡቲ ማዳበሪያ ጭነው የመጡ እና ሌሎች አሽከርካሪዎች መሆናቸውን፣ ጉዳዩን በተጨማሪ አጣርቶ እንደሚገልጽ ጠቁሟል።

ሰኔ 13 ቀን 2017 ዓ/ም አሁን ግድያ ተፈጸመ በተባለበት ቦታ አንድ የህዝብ ማመላለሻ ተሽከርካሪ በታጣቂዎች መቃጠሉንም ገልጿል።

"" ይህን ያህል ሰው እየተገደለ ጉዳዩ ትኩረት የማይሰጠው ለምንድን ነው? እኛ ዜጋ አይደለንም ወይ? ከ1500 ኪሎ ሜትር በላይ ማዳበሪያ ጭኖ የመጣን ሹፌር እልል ብሎ ይቀበሉታል እንጁ እንዴት ይገደላል ? "" ሲል ይኸው የአሽከርካሪዎችን ጉዳይ የሚከታተለው አካል በሀዘን ጠይቋል።

ደረሰ የተባለውን ጥቃት በተመለከተ ተጨማሪ ማብራሪያ የጠየቅነው የኢትዮጵያ ከባድ መኪና አሽከርካሪዎች ማኅበር በበኩሉ፣ ከጎንደር መተማ ባለው መንገድ ቁጥራቸው በውል ያልታወቀ አሽከርካሪዎች መገደላቸውን መስማቱን ለቲክቫህ ኢትዮጵያ ተናግሯል።

ማኀበሩ በሰጠን ቃል፣ "" የተገደሉ ሹፌሮች እንዳሉ ሰምቻለሁ። ሁኔታው በጣም አስቸግሮናል፤ ፈተታኝም ሆኖብናል፤ ምን እንደምናደርግ ግራ ገብቶናል፤ በጣም ከፍተኛ ችግር ነው ያጋጠመን በደቡብ ጎንደር፤ በአጠቃላይ በጎንደር መስመር "" ሲል ገልጿል።

"" በጎጃም መስመር በኩል ያለው እንቅሴቃሴ ከሌሎቹ አንጻር የተሻለ ነው "" ሲል የገለጸው ማኀበሩ፣ "" የሚከፈል ገንዘብ ካለ እንጂ ግድያ የለም ""ብሎ፣ "" የሁለቱም ደቡብ ጎንደር፣ ከወሎ ከተወጣ በኋላ ከጋይንት እስከ ሰሜን ጎንደር ድረስ ጫካማ ቦታ ነው፤ ታጣቂዎች ሁለት፣ ሦስት ሆነው ጥቃት ያደርሳሉ "" ሲል አስረድቷል።

በተያያዘ ዜና በድሬዳዋ መስመር "" ቦርደዴ "" ተብሎ በሚጠራ አካባቢ ሰኔ 17 ቀን 2017 ዓ/ም ምሽቱን አንድ አሽከርካሪ በታጣቂዎች ታግቶ እንደተወሰደ፣ ያለበትም እንዳልታወቀ ማኀበሩ ለቲክቫህ ኢትዮጵያ ተናግሯል።

በተለይም የጸጥታ፣ የኬላ፣ የመንገድ ችግሮች ዘርፉን በእጅጉ እንደፈተኑት፣ ለመንግስት አካላትም እንዳሳወቀ የገለጸው ማኀበሩ፣ "" ለምሳሌ ኬላ ላይ የሚጠየቅ ክፍያን በተመለከተ የትራንስፓርትና ሎጂስቲክ ሚኒስቴር አካላት የሚታገትበት ቦታ እየሄዱ በቪዲዮ ቀርጸው በፓርቲ ደረጃ ነው ያቀረቡት። ጠቅላይ ሚኒስትር አቢይ አሕመድ (ዶ/ር)ም ባለሃብቶችን ባወያዩበት ወቅት ‘ፍተሻውን እያካሄድን ክፍያው እንዲቀር አብን እንሰራለን’ ብለዋል፤ እንግዲህ ጉዳዩን እዛ ድረስ አድርሰናል "" ብሏል።

ቲክቫህ ኢትዮጵያ
አዲስ አበባ
____#TikvahEthiopiaFamilyAA____

____@tikvahethiopia__",-1001130580549,2025-06-25 17:23:03,2025-06-26 13:00:08,"ethiopia, ኢትዮጵያ"
personal,TIKVAH-ETHIOPIA,"#Update 
**
"" በሰገን ዙሪያ ወረዳ በሁለት ሰዎች ላይ የታየዉ ምልክት የMpox በሽታ ስላልሆነ ሕብረተሰቡ ከስጋት ነፃ ሆኖ ጥንቃቄ ማድረግ አለበት "" - የኮንሶ ዞን ጤና መምሪያ**

ከሰሞኑ በደቡብ ኢትዮጵያ ክልል ኮንሶ ዞን ሰገን ዙሪያ ወረዳ አማራይታ ተብሎ በሚጠራዉ አከባቢ በሁለት እህታማምች ላይ የታየዉን የሰዉነት ላይ ምልክትን ተከትሎ ሕብረተሰቡ "" የኤም ፖክስ በሽታ ሊሆን ይችላል "" በሚል ስጋት ዉስጥ መግባቱንና የዞኑ ጤና መምሪያ በበኩሉ ከተጠረጠሩት ሁለት የአንድ ቤተሰብ አባላት ላይ ናሙና ወስዶ ለምርመራ መላኩን ለቲክቫህ ኢትዮጵያ አሳቆ ነበር።

የኮንሶ ዞን ጤና መምሪያ ኃላፊ አቶ ግርማ በሌ ለቲክቫህ ኢትዮጵያ እንደገለፁት ከሁሉቱ እህታማሞች የተወሰደዉ ናሙና ዉጤት ከአዲስ አበባ መምጣቱንና በዉጤቱ መሰረት ምልክቱ MPox (የዝንጀሮ ፈንጣጣ) አለመሆኑ ተረጋግጧል ብለዋል።

አቶ ግርማ ሕብረተሰቡ በሽታዉን መጠንቀቁ አግባብ ቢሆንም ልጆቹንና ቤተሰቦቻቸውን ያገለለበት መንገድ ተገቢ አለመሆኑን ገልፀዋል።

ዉጤቱን ተከትሎም ስለ በሽታው የግንዛቤ ማስፋትና የጥንቃቄ ስራዎች እየተሰሩ ያለ ሲሆን በአሁኑ ወቅት ልጆቹ ከቤተሰቦቻቸው ጋር እንዲቀላቀሉ መደረጉንም አስታውቀዋል።

ቲክቫህ ኢትዮጵያ
ሀዋሳ
#TikvahEthiopiaFamilyHawassa

@tikvahethiopia",-1001130580549,2025-06-25 17:22:39,2025-06-26 13:00:08,"ethiopia, ኢትዮጵያ"
personal,TIKVAH-ETHIOPIA,"#SafaricomEthiopia

 በዕለታዊ የዳታ ጥቅሎች ከፈተና መልስ ዘና ፈታ እንበል! 

በልዩ ልዩ አማራጮች የቀረበልንን የሳፋሪኮም የኢንተርኔት ጥቅል የM-PESA Appን በመጠቀም አሁኑኑ እንግዛ! በፈጣን ዳታ እንንበሽበሽ!

#1wedefit 
#Furtheraheadtogethe",-1001130580549,2025-06-25 17:22:19,2025-06-26 13:00:08,ethiopia
personal,Muktarovich Ousmanova,"የኢትዮጵያ የባንክ አገልግሎት ከዛሬ ጀምሮ ለውጪ ባንኮች እና ኢንቨስተሮች በይፋ መከፈቱን ብሔራዊ ባንክ አስታወቀ  

ላለፉት ሶስት አስርት ዓመታት በኢትዮጵያውያን ባለሃብቶች ብቻ ሲካሄድ የቆየው የባንክ ስራ አገልግሎት፤ ከዛሬ ጀምሮ ለውጪ ባንኮች እና ኢንቨስተሮች በይፋ መከፈቱን የኢትዮጵያ ብሔራዊ ባንክ አስታወቀ። በዘርፉ መሰማራት የሚፈልጉ የውጪ ባንኮች እና ኢንቨስተሮች ከዛሬ ጀምሮ ማመልከቻዎቻቸውን ለብሔራዊ ባንክ ማስገባት እንደሚችሉም መስሪያ ቤቱ አስታውቋል። 

አቶ ማሞ ምህረቱ በገዢነት የሚመሩት ብሔራዊ ባንክ ይህን ያስታወቀው፤ የውጭ ባለሃብቶች የባንክ ስራ ፈቃድ ለማግኘት እና ለማሳደስ የሚያስችላቸውን መመሪያ ይፋ ባደረገበት መግለጫ ነው። አዲሱ መመሪያ የውጭ ኩባንያዎች በኢትዮጵያ የውክልና ጽህፈት ቤት ለመክፈት ማሟላት የሚያስፈልጋቸውን ቅድመ-ሁኔታዎችም ይዘረዝራል። 

መመሪያው ብሔራዊ ባንክ ባለፈው ዓመት ከተለያዩ ባለድርሻ አካላት ጋር ያደረገው “ሰፊ ምክክር” ውጤት እንደሆነ የመስሪያ ቤቱ መግለጫ አመልክቷል። የኢትዮጵያ መንግስት ለውጪ ባንኮች እና ለኢንቨስተሮች ተዘግቶ የቆየውን የባንክ ስራ ዘርፍ ለመክፈት ዝግጅት ሲያደርግ ከቆየ በኋላ ወደ ተግባር የገባው ከሶስት ዓመት በፊት ነበር።

ሙሉ ዘገባውን ለማንበብ  https://ethiopiainsider.com/2025/16188/",-1001447645502,2025-06-25 19:48:54,2025-06-26 13:01:22,"ethiopia, ኢትዮጵያ"
personal,Muktarovich Ousmanova,"የነዳጅ ድጎማ መነሳትና እጥረት የሐገሪቱን ምጣኔ ሐብታዊ እንቅስቃሴ እያወከ ነዉ
የኢትዮጵያ መንግሥት ለነዳጅ ዘይት ያደርግ የነበረዉን ድጎማ ሙሉ በሙሉ ማንሳቱ ያስከተለዉ የነዳጅ ዋጋ ንረትና እጥረት ወትሮም በቋፍ ያለዉን የሐገሪቱን ኤኮኖሚያዊ እንቅስቃሴ እያወከዉ ነዉ።ነ,ጋዴዎች፣ ሾፌሮች፣የክልል ባለሥልጣናት ጭምር እንደሚሉት በየነዳጅ ማደያዉ በቂ ነዳጅ ባለመኖሩ የዕርዳታ እሕሎችና ሸቀጦቻቸዉን ከቦታ ቦታ ማመላለስ አልቻሉም።ወኪሎቻችን እንደዘገቡት ርዕሠ-ከተማ አዲስ አበባን ጭምሮ ካለፈዉ ሳምንት ማብቂያ ወዲሕ  በየነዳጅ ማደያዉ ረጃጅም የመኪና ሠልፎች ይታያሉ።የነዳጅ ማደያ ባለቤቶች  እንደሚሉት እጥረቱ የተፈጠረዉ የሚጠይቁትን ያኽል ነዳጅ ዘይት ባለማግኘታቸዉ ነዉ።የኢትዮጵያ የንግድና ቀጠናዊ ትሥሥር ሚኒስቴር ባለሥልጣናት ግን የነዳጅ አቅርቦት ችግር የለም ባዮች ናቸዉ።ባለሥልጣናቱ እንደሚሉት እጥረቱን የፈጠሩት «ስግብግብ» እና «የኮንትሮባንድ ነጋዴ» ያሏቸዉ ወገኖች ናቸዉ።ይሁንና የትግራይ ክልል ጊዚያዊ መስተዳድር እንዳስታወቀዉ በያዝነዉ ሰኔ ወደ ትግራይ መግባት ከነበረበት ነዳጅ ዘይት እስካሁን ክልሉ የደረሰዉ 27 ከመቶ ብቻ ነዉ።የኢትዮጵያ መንግሥት ለነዳጅ ዘይት ያደርገዉ የነበረዉን ድጎማ ባለፈዉ ግንቦት ማብቂያ ሙሉ በሙሉ አንስቷል።ተንታኞች እንደሚሉት አልፎ አልፎ ከመቋረጡ በስተቀር ለተከታታይ ዘመናት ሥልጣን ላይ የነበሩት የኢትዮጵያ መንግሥታት ለነዳጅ ዘይት የሚያደርጉትን ድጎማ የጠቅላይ ሚንስትር ዓብይ አሕመድ መንግስት ያነሳዉ IMFን ከመሳሰሉ አበዳሪ ድርጅቶች በተደረገበት ጫናና ብድር መክፍል ባለመቻሉ ነዉ።ዘገቦች እንደ ጠቆሙት ድጎማዉ በ2017 የመጀመሪያ መንፈቅ እስከ 137 ቢሊዮን ብር ደርሶ ነበር።

DW",-1001447645502,2025-06-25 10:44:07,2025-06-26 13:01:22,ኢትዮጵያ
personal,Muktarovich Ousmanova,"ዜና፡ “#በትግራይ እና #ኤርትራ ህዝቦች መካከል እየተፈጠረ ያለው የህዝብ ለህዝብ ግንኙነት ተጠናክሮ እንዲቀጥል እሰራለሁ” - ህወሓት 

“ተመሳሳይ ግንኙነቶች ከሌሎች ጎረቤት ህዝቦች ጋር እንዲኖርም እጥራለሁ” ብሏል

በትግራይ እና ኤርትራ ህዝቦች መካከል እየተፈጠረ ያለው የህዝብ ለህዝብ ግንኙነት  ተጠናክሮ እንዲቀጥል” እንሰራለን ሲሉ በቅርቡ ህጋዊ ሰውነቱ በምርጫ ቦርድ የተሰረዘው የህዝባዊ ወያነ ሓርነት ትግራይ (#ህወሓት) ሊቀመንበር ደብረጺዮን ገ/ሚካኤል (ዶ/ር) ገለፁ። ደብረጺዮን፤ “ተመሳሳይ ግንኙነቶች ከሌሎች ጎረቤት ህዝቦች ጋር እንዲፈጸም ለማድረግ ትኩረት ሰጥተን አስፈላጊውን ጥረት እንደምናደርግ ልናረጋግጥ እንወዳለን” ብለዋል።

የህወሓት ሊመንበር ደብረጺዮን ገ/ሚካኤል (ዶ/ር) ይህንን የተናገሩት የክልሉ ሰማዕታት ለ37ኛ ጊዜ ለማሰብ በሐውዜን ከተማ በተካሄደው ስነስርአት ላይ ባስተላለፉት መልዕክት ነው።

ሊቀመንበሩ ደብረጺዮን በተጨማሪም በመልዕክታቸው  “የፕሪቶርያ የሰላም ስምምነት በርካታ ጉዳዮች አልተፈጸሙም ብቻ ሳይሆን ስምምነቱ ጠቅልሎ የሚፈርስበት እንቅስቃሴዎች ከግዜ ወደ ግዜ እየተባባሰ እየሄደ ይገኛል” ሲሉም አሳስበዋል።

https://addisstandard.com/Amharic/?p=8189",-1001447645502,2025-06-23 10:04:56,2025-06-26 13:01:22,ህወሓት
personal,ETHIO-MEREJA®,"የኢትዮጵያ የባንክ ዘርፍ ከዛሬ ጀምሮ ለውጭ ባለሀብቶች ክፍት ሆነ

የኢትዮጵያ ብሔራዊ ባንክ የሀገሪቱን የባንክ ዘርፍ ለውጭ ተሳትፎ ክፍት የሚያደርግ አዲስ መመሪያን ዛሬ ይፋ አድርጓል። ይህ እርምጃ የኢትዮጵያን የፋይናንስ ዘርፍ ለውጭ ኢንቨስትመንት ክፍት ለማድረግ ሲደረግ የቆየው ጥረት የመጨረሻው ምዕራፍ ተደርጎ እንደሚወሰዱ ተገልጿል።

መመሪያ ቁጥር SBB/94/2025 ባለፉት አንድ ዓመት በተለያዩ ባለድርሻ አካላት በተደረጉ ሰፊ ውይይቶች እና ምክክሮች ግብዓት ተደርጎበት የተዘጋጀ መሆኑ ታውቋል። 

ይህ መመሪያ ከቅርብ ጊዜ ወዲህ በፀደቀው የባንክ ሥራ አዋጅ መሰረት የወጣ ሲሆን፣ የሚያስፈልገውን የሕግ ማዕቀፍ ማሟላቱ ተገልጿል።

ይህ አዲሱ የፈቃድ አሰጣጥ መመሪያ ለመጀመሪያ ጊዜ የውጭ ባለሀብቶች፣ ባንኮችን እና ሌሎች ስትራቴጂካዊ ባለሀብቶችን ጨምሮ፣ በኢትዮጵያ የባንክ ሥርዓት ውስጥ እንዲሳተፉ ያስችላል ተብሏል።

ብሔራዊ ባንክ ዛሬ ሰኔ 18 ቀን 2017 ዓ.ም. ባወጣዉ መግለጫ መመሪያው የውጭ ተዋናዮች የባንክ ዘርፉን እንዲቀላቀሉባቸው በርካታ መንገዶችን ያቀርባል፤ ከእነዚህም መካከል ቅርንጫፍ ባንኮችን፣ የውጭ ባንክ ቅርንጫፎችን ወይም የወኪል ቢሮዎችን ማቋቋም ይገኙበታል። 

ይህን ተከትሎ የኢትዮጵያ ብሔራዊ ባንክ የሀገሪቱን የባንክ ዘርፍ ለውጭ ተሳትፎ ክፍት መሆኑን የገለፀ ሲሆን የውጭ ባንኮች እና ባለሀብቶችም ማመልከቻዎቻቸውን ከዛሬ ጀምሮ ለብሔራዊ ባንክ ማቅረብ እንደሚችሉ አስታውቋል ሲል ካፒታል ዘግቧል ።

  **T.me/ethio_mereja****
        ኢትዮ-መረጃ**",-1001250415942,2025-06-25 19:40:37,2025-06-26 13:01:58,ኢትዮጵያ
personal,ESAT (ኢሳት🇪🇹)®," ግንባታቸው  90 በመቶ የተጠናቀቁ ቤቶችን ከ Dacord Real Estate 
 ከ 553,000 ብር ቅድመ ክፍያ ጀምሮ 
  የከርሰ ምድር ውሃ,ሰፊ ቴራዛ ,የልጆች መጫወቻ,እንዲሁም በቂ የመኪና ማቆሚያ ያለው ዘመናዊ አፓርትመንት ከዳኮርድ ሪል እስቴት።

   በኢትዬጵያ አዲስ ዓመት መስከረም 1, 2018 የሚረከባቸው ቤቶችን ,ከዳኮርድ!

  ባለ1 መኝታ  71,80 ካሬ
  ባለ2 መኝት  110 ,118,128, ካሬ
  ባለ 3  መኝታ 135,148 ካሬ  
ልብ ይበሉ ሙሉ በሙሉ በኢትዮጵያ ብር
ይምጡ ማየት ማመን ነውና ቤትወን ገዝተው ይመለሳሉ።
ቤቶቹን  ለመጎብኘት እንዲሁም ለበለጠ መረጃ 
 በ 0984323293 ወይም
 በ 0919261500 ይደውሉ ።
ዳኮርድ በልዩነት የተገነባ !!!!!!!!!",-1001236445749,2025-06-25 07:15:11,2025-06-26 13:02:35,ኢትዮጵያ
personal,ESAT (ኢሳት🇪🇹)®,"ሕዝበ ሙስሊሙ ለመጅሊሱ ምርጫ ከነገ ጀምሮ የመራጭነት ካርድ እንዲወስድ ጥሪ ቀረበ

ሕዝበ ሙስሊሙ ለኢትዮጵያ እስልም ጉዳዮች ጠቅላይ ምክር ቤት ምርጫ ለማድረግ ከነገ ጀምሮ በየመስጅዱ የመራጭነት ካርድ እንዲወስድ የጠቅላይ ምክር ቤቱ የምርጫ አስፈፃሚ ቦርድ ጥሪ አቅርቧል፡፡

ላለፉት 5 ወራት ዝግጅት ሲያደርግ የቆየው ቦርዱ በ2017 ዓ.ም ለሚካሄደው የመጅሊስ ምርጫ ዝግጅቱን ማጠናቀቁን ገልጾ በነገው እለት ምዝገባ እንደሚጀመር ይፋ አድርጓል።

ቦርዱ ምርጫውን አሳታፊና አካታች በሆነ መልኩ ለማካሄድ አስፈላጊውን ቅድመ ዝግጅት ማድረጉን ገልጿል፡፡ 

በመሆኑም ሕዝበ ሙስሊሙ መታወቂያውን በመያዝ ከነገ ጀምሮ ለ12 ቀናት በየመስጅዱ በሚደረገው የመራጮች ምዝገባ ተመዝግቦ የመራጭነት ካርድ እንዲወስድ ቦርዱ ጥሪ አቅርቧል።

በምዝገባው ሂደት ለሚያጋጥሙ ቅሬታዎች አፋጣኝ ምላሽ ለመስጠት በየመስጅዱ የቅሬታ ሰሚ ኮሚቴ መቋቋሙም በመግለጫው ተጠቁሟል።

@Esat_tv1
@Esat_tv1",-1001236445749,2025-06-19 09:01:23,2025-06-26 13:02:35,ኢትዮጵያ
personal,Abiy Ahmed Ali 🇪🇹,"ከባለድርሻ አካላት ጋር የሚደረጉ ውይይቶች የመጨረሻው የሆነው ውይይት ዛሬ ከሕዝብ እና የግል ሚዲያዎች ከተወጣጡ ባለሞያዎች ጋር ተካሂዶ በኢንደስትሪው ያሉ ልዩ ጉዳዮችን እና ተግዳሮቶችን ዳስሷል። ሚዲያ በኢትዮጵያ የልማት ሥራዎች ውስጥ ሕዝብን በማሳወቅ፣ ውይይትን በማዳበር እና ብሔራዊ የእድገት ርምጃን በመደገፍ ቁልፍ ሚና አላቸው።

The final stakeholder discussions held today brought together media professionals from both the public and private sectors to explore industry-specific concerns and challenges. The media plays a vital role in Ethiopia’s development by keeping the public informed, promoting dialogue, and supporting national progress.",-1001204824687,2025-06-23 11:46:09,2025-06-26 13:03:11,"ethiopia, ኢትዮጵያ"
personal,Abiy Ahmed Ali 🇪🇹,"ከ1950ዎቹ ጀምሮ በኢትዮጵያ የኮንስትራክሽን ዘርፍ ፈር ቀዳጅ በነበሩት አልቤርቶ ቫርኔሮ ህልፈት የተሰማኝን ሀዘን ለመግለጽ እፈልጋለሁ። ስራቸው የሀገራችንን የግንባታ ከባቢ እና ታሪካዊነት ያላቸው  ምልክቶችን ላቅ ባለ ደረጃ የቀረፀ ነው።

ከታሪካዊ ስራዎቻቸው መካከል የአፍሪካ አዳራሽ (የተባበሩት መንግሥታት የአፍሪካ የኢኮኖሚ ኮሚሽን)፣ የአዲስ አበባ ማዘጋጃ ቤት፣ የኢትዮጵያ ንግድ ባንክ ዋና መሥሪያ ቤት፣ ሂልተን ሆቴል፣ ሚሊኒየም አዳራሽ፣ የጅማ አባጅፋር አውሮፕላን ማረፊያ ማሻሻያ፣ የአብርሆት ቤተመጻሕፍት፣ የአንድነት ፓርክ እና የብሔራዊ ቤተመንግሥት እድሳት ሥራ ይገኙበታል።

የሥራ ውርሳቸው በነዚህ ብሔራዊ ምልክቶች እና በሚወክሉት የእድገት ትእምርት ሲታወስ ይኖራል። ለነፍሳቸው ረፍትን፣ በረፍታቸው ላዘኑ ሁሉ መጽናናትን እንመኛለን።",-1001204824687,2025-06-20 11:20:08,2025-06-26 13:03:11,ኢትዮጵያ
